source_id,doc_name,doc_url
U342002994,P1031,https://www.egle.state.mi.us/aps/downloads/srn/U342002994/P1031/
M3291,N2297,https://www.egle.state.mi.us/aps/downloads/srn/M3291/N2297/
B2757,Active PTIs for FCA US WSP.pdf,https://www.egle.state.mi.us/aps/downloads/srn/B2757/Active%20PTIs%20for%20FCA%20US%20WSP.pdf
B2757,FCA US WSP Source Info Documents.pdf,https://www.egle.state.mi.us/aps/downloads/srn/B2757/FCA%20US%20WSP%20Source%20Info%20Documents.pdf
B2767,Active PTIs for FCA US WTAP.pdf,https://www.egle.state.mi.us/aps/downloads/srn/B2767/Active%20PTIs%20for%20FCA%20US%20WTAP.pdf
B2767,FCA US WTAP Source Info Documents.pdf,https://www.egle.state.mi.us/aps/downloads/srn/B2767/FCA%20US%20WTAP%20Source%20Info%20Documents.pdf
N2493,New folder,https://www.egle.state.mi.us/aps/downloads/srn/N2493/New%20folder/
N7228,Active PTIs for FCA US DEP.pdf,https://www.egle.state.mi.us/aps/downloads/srn/N7228/Active%20PTIs%20for%20FCA%20US%20DEP.pdf
N7228,FCA US DEP Source Info Documents.pdf,https://www.egle.state.mi.us/aps/downloads/srn/N7228/FCA%20US%20DEP%20Source%20Info%20Documents.pdf
N2688,Active PTIs for Arbor Hills.pdf,https://www.egle.state.mi.us/aps/downloads/srn/N2688/Active%20PTIs%20for%20Arbor%20Hills.pdf
N2688,Arbor Hills Source Info Documents.pdf,https://www.egle.state.mi.us/aps/downloads/srn/N2688/Arbor%20Hills%20Source%20Info%20Documents.pdf
N2688,Weekly Odor Reports,https://www.egle.state.mi.us/aps/downloads/srn/N2688/Weekly%20Odor%20Reports/
M4086,H5877,https://www.egle.state.mi.us/aps/downloads/srn/M4086/H5877/
B3350,Active PTIs for FCA US TEP.pdf,https://www.egle.state.mi.us/aps/downloads/srn/B3350/Active%20PTIs%20for%20FCA%20US%20TEP.pdf
B3350,FCA US TEP Source Info Documents.pdf,https://www.egle.state.mi.us/aps/downloads/srn/B3350/FCA%20US%20TEP%20Source%20Info%20Documents.pdf
B2576,New folder,https://www.egle.state.mi.us/aps/downloads/srn/B2576/New%20folder/
M4085,Active PTIs for FCA US MAP.pdf,https://www.egle.state.mi.us/aps/downloads/srn/M4085/Active%20PTIs%20for%20FCA%20US%20MAP.pdf
M4085,FCA US MAP Source Info Documents.pdf,https://www.egle.state.mi.us/aps/downloads/srn/M4085/FCA%20US%20MAP%20Source%20Info%20Documents.pdf
N2155,Active PTIs for FCA US DAC.pdf,https://www.egle.state.mi.us/aps/downloads/srn/N2155/Active%20PTIs%20for%20FCA%20US%20DAC.pdf
N2155,FCA US DAC Source Info Documents.pdf,https://www.egle.state.mi.us/aps/downloads/srn/N2155/FCA%20US%20DAC%20Source%20Info%20Documents.pdf
A9831,Active PTIs for Marathon.pdf,https://www.egle.state.mi.us/aps/downloads/srn/A9831/Active%20PTIs%20for%20Marathon.pdf
A9831,Marathon Source Info Documents.pdf,https://www.egle.state.mi.us/aps/downloads/srn/A9831/Marathon%20Source%20Info%20Documents.pdf
N0305,N2259,https://www.egle.state.mi.us/aps/downloads/srn/N0305/N2259/
B7248,Active PTIs for FCA US SHAP.pdf,https://www.egle.state.mi.us/aps/downloads/srn/B7248/Active%20PTIs%20for%20FCA%20US%20SHAP.pdf
B7248,FCA US SHAP Source Info Documents.pdf,https://www.egle.state.mi.us/aps/downloads/srn/B7248/FCA%20US%20SHAP%20Source%20Info%20Documents.pdf
B1801,Active PTIs for FCA US SHSP.pdf,https://www.egle.state.mi.us/aps/downloads/srn/B1801/Active%20PTIs%20for%20FCA%20US%20SHSP.pdf
B1801,FCA US SHSP Source Info Documents.pdf,https://www.egle.state.mi.us/aps/downloads/srn/B1801/FCA%20US%20SHSP%20Source%20Info%20Documents.pdf
N5505,Active PTIs for FCA US.pdf,https://www.egle.state.mi.us/aps/downloads/srn/N5505/Active%20PTIs%20for%20FCA%20US.pdf
N5505,FCA US Source Info Documents.pdf,https://www.egle.state.mi.us/aps/downloads/srn/N5505/FCA%20US%20Source%20Info%20Documents.pdf
N1436,Active PTIs for FCA US CTC.pdf,https://www.egle.state.mi.us/aps/downloads/srn/N1436/Active%20PTIs%20for%20FCA%20US%20CTC.pdf
N1436,FCA US CTC Source Info Documents.pdf,https://www.egle.state.mi.us/aps/downloads/srn/N1436/FCA%20US%20CTC%20Source%20Info%20Documents.pdf
N5987,N8154,https://www.egle.state.mi.us/aps/downloads/srn/N5987/N8154/
N5109,Active PTIs for Centurion.pdf,https://www.egle.state.mi.us/aps/downloads/srn/N5109/Active%20PTIs%20for%20Centurion.pdf
N5109,Centurion Source Info Documents.pdf,https://www.egle.state.mi.us/aps/downloads/srn/N5109/Centurion%20Source%20Info%20Documents.pdf
A2931,Active PTIs for Diamond Chrome Plating.pdf,https://www.egle.state.mi.us/aps/downloads/srn/A2931/Active%20PTIs%20for%20Diamond%20Chrome%20Plating.pdf
A2931,Diamond Chrome Plating Source Info Documents.pdf,https://www.egle.state.mi.us/aps/downloads/srn/A2931/Diamond%20Chrome%20Plating%20Source%20Info%20Documents.pdf
B1678,Active PTIs for Graphic Packaging.pdf,https://www.egle.state.mi.us/aps/downloads/srn/B1678/Active%20PTIs%20for%20Graphic%20Packaging.pdf
B1678,Graphic Packaging Source Info Documents.pdf,https://www.egle.state.mi.us/aps/downloads/srn/B1678/Graphic%20Packaging%20Source%20Info%20Documents.pdf
B1678,Graphic-Packaging-Odor-Management-Engineering-Evaluation-2021-09-23.pdf,https://www.egle.state.mi.us/aps/downloads/srn/B1678/Graphic-Packaging-Odor-Management-Engineering-Evaluation-2021-09-23.pdf
P0858,New folder,https://www.egle.state.mi.us/aps/downloads/srn/P0858/New%20folder/
A2851,B3658,https://www.egle.state.mi.us/aps/downloads/srn/A2851/B3658/
N5474,New folder,https://www.egle.state.mi.us/aps/downloads/srn/N5474/New%20folder/
P0743,New folder,https://www.egle.state.mi.us/aps/downloads/srn/P0743/New%20folder/
N0795,Active PTIs for Viant Medical.pdf,https://www.egle.state.mi.us/aps/downloads/srn/N0795/Active%20PTIs%20for%20Viant%20Medical.pdf
N0795,Viant Medical Source Info Documents.pdf,https://www.egle.state.mi.us/aps/downloads/srn/N0795/Viant%20Medical%20Source%20Info%20Documents.pdf
A2931,Active PTIs for Diamond Chrome Plating.pdf,https://www.egle.state.mi.us/aps/downloads/srn/A2931/Active%20PTIs%20for%20Diamond%20Chrome%20Plating.pdf
A2931,Diamond Chrome Plating Source Info Documents.pdf,https://www.egle.state.mi.us/aps/downloads/srn/A2931/Diamond%20Chrome%20Plating%20Source%20Info%20Documents.pdf
A4043,A4043 Rule 278a Letter.pdf,https://www.egle.state.mi.us/aps/downloads/srn/A4043/A4043%20Rule%20278a%20Letter.pdf
B1995,A4043 Rule 278a Letter.pdf,https://www.egle.state.mi.us/aps/downloads/srn/B1995/A4043%20Rule%20278a%20Letter.pdf
M4085,Active PTIs for FCA US MAEP.pdf,https://www.egle.state.mi.us/aps/downloads/srn/M4085/Active%20PTIs%20for%20FCA%20US%20MAEP.pdf
M4085,FCA US MAEP Source Info Documents.pdf,https://www.egle.state.mi.us/aps/downloads/srn/M4085/FCA%20US%20MAEP%20Source%20Info%20Documents.pdf
N2155,Active PTIs for FCA US JNAP.pdf,https://www.egle.state.mi.us/aps/downloads/srn/N2155/Active%20PTIs%20for%20FCA%20US%20JNAP.pdf
N2155,FCA US JNAP Source Info Documents.pdf,https://www.egle.state.mi.us/aps/downloads/srn/N2155/FCA%20US%20JNAP%20Source%20Info%20Documents.pdf
B1678,2021-09-23-gpi-odor-management-engineering-evaluation.pdf,https://www.egle.state.mi.us/aps/downloads/srn/B1678/2021-09-23-gpi-odor-management-engineering-evaluation.pdf
N6626,RVN_N6626_20220323.pdf,https://www.egle.state.mi.us/aps/downloads/srn/N6626/RVN_N6626_20220323.pdf
B7061,B7061 SAR 20220412.pdf,https://www.egle.state.mi.us/aps/downloads/srn/B7061/B7061%20SAR%2020220412.pdf
E8117,RVN_E8117 20220428.pdf,https://www.egle.state.mi.us/aps/downloads/srn/E8117/RVN_E8117%2020220428.pdf
B3658,VN B3658 20220503.pdf,https://www.egle.state.mi.us/aps/downloads/srn/B3658/VN%20B3658%2020220503.pdf
N7228,N7228_ROP_Renewal_Application 05-03-22.pdf,https://www.egle.state.mi.us/aps/downloads/srn/N7228/N7228_ROP_Renewal_Application%2005-03-22.pdf
A2931,Active PTIs for Diamond Chrome Plating.pdf,https://www.egle.state.mi.us/aps/downloads/SRN/A2931/Active%20PTIs%20for%20Diamond%20Chrome%20Plating.pdf
A2931,Diamond Chrome Plating Source Info Documents.pdf,https://www.egle.state.mi.us/aps/downloads/SRN/A2931/Diamond%20Chrome%20Plating%20Source%20Info%20Documents.pdf
A9831,Active PTIs for Marathon.pdf,https://www.egle.state.mi.us/aps/downloads/SRN/A9831/Active%20PTIs%20for%20Marathon.pdf
A9831,Marathon Source Info Documents.pdf,https://www.egle.state.mi.us/aps/downloads/SRN/A9831/Marathon%20Source%20Info%20Documents.pdf
B1476,Active PTIs for Decorative Panels.pdf,https://www.egle.state.mi.us/aps/downloads/SRN/B1476/Active%20PTIs%20for%20Decorative%20Panels.pdf
B1476,Decorative Panels Source Info Documents.pdf,https://www.egle.state.mi.us/aps/downloads/SRN/B1476/Decorative%20Panels%20Source%20Info%20Documents.pdf
B1678,Active PTIs for Graphic Packaging.pdf,https://www.egle.state.mi.us/aps/downloads/SRN/B1678/Active%20PTIs%20for%20Graphic%20Packaging.pdf
B1678,Graphic Packaging Source Info Documents.pdf,https://www.egle.state.mi.us/aps/downloads/SRN/B1678/Graphic%20Packaging%20Source%20Info%20Documents.pdf
B1801,Active PTIs for FCA US SHSP.pdf,https://www.egle.state.mi.us/aps/downloads/SRN/B1801/Active%20PTIs%20for%20FCA%20US%20SHSP.pdf
B1801,FCA US SHSP Source Info Documents.pdf,https://www.egle.state.mi.us/aps/downloads/SRN/B1801/FCA%20US%20SHSP%20Source%20Info%20Documents.pdf
B2757,Active PTIs for FCA US WSP.pdf,https://www.egle.state.mi.us/aps/downloads/SRN/B2757/Active%20PTIs%20for%20FCA%20US%20WSP.pdf
B2757,FCA US WSP Source Info Documents.pdf,https://www.egle.state.mi.us/aps/downloads/SRN/B2757/FCA%20US%20WSP%20Source%20Info%20Documents.pdf
B2767,Active PTIs for FCA US WTAP.pdf,https://www.egle.state.mi.us/aps/downloads/SRN/B2767/Active%20PTIs%20for%20FCA%20US%20WTAP.pdf
B2767,FCA US WTAP Source Info Documents.pdf,https://www.egle.state.mi.us/aps/downloads/SRN/B2767/FCA%20US%20WTAP%20Source%20Info%20Documents.pdf
B3350,Active PTIs for FCA US TEP.pdf,https://www.egle.state.mi.us/aps/downloads/SRN/B3350/Active%20PTIs%20for%20FCA%20US%20TEP.pdf
B3350,FCA US TEP Source Info Documents.pdf,https://www.egle.state.mi.us/aps/downloads/SRN/B3350/FCA%20US%20TEP%20Source%20Info%20Documents.pdf
B7248,Active PTIs for FCA US SHAP.pdf,https://www.egle.state.mi.us/aps/downloads/SRN/B7248/Active%20PTIs%20for%20FCA%20US%20SHAP.pdf
B7248,FCA US SHAP Source Info Documents.pdf,https://www.egle.state.mi.us/aps/downloads/SRN/B7248/FCA%20US%20SHAP%20Source%20Info%20Documents.pdf
M4085,Active PTIs for FCA US MAEP.pdf,https://www.egle.state.mi.us/aps/downloads/SRN/M4085/Active%20PTIs%20for%20FCA%20US%20MAEP.pdf
M4085,Active PTIs for FCA US MAP.pdf,https://www.egle.state.mi.us/aps/downloads/SRN/M4085/Active%20PTIs%20for%20FCA%20US%20MAP.pdf
M4085,FCA US MAEP Source Info Documents.pdf,https://www.egle.state.mi.us/aps/downloads/SRN/M4085/FCA%20US%20MAEP%20Source%20Info%20Documents.pdf
M4085,FCA US MAP Source Info Documents.pdf,https://www.egle.state.mi.us/aps/downloads/SRN/M4085/FCA%20US%20MAP%20Source%20Info%20Documents.pdf
N0795,Active PTIs for Viant Medical.pdf,https://www.egle.state.mi.us/aps/downloads/SRN/N0795/Active%20PTIs%20for%20Viant%20Medical.pdf
N0795,Viant Medical Source Info Documents.pdf,https://www.egle.state.mi.us/aps/downloads/SRN/N0795/Viant%20Medical%20Source%20Info%20Documents.pdf
N1436,Active PTIs for FCA US CTC.pdf,https://www.egle.state.mi.us/aps/downloads/SRN/N1436/Active%20PTIs%20for%20FCA%20US%20CTC.pdf
N1436,FCA US CTC Source Info Documents.pdf,https://www.egle.state.mi.us/aps/downloads/SRN/N1436/FCA%20US%20CTC%20Source%20Info%20Documents.pdf
N2155,Active PTIs for FCA US DAC.pdf,https://www.egle.state.mi.us/aps/downloads/SRN/N2155/Active%20PTIs%20for%20FCA%20US%20DAC.pdf
N2155,Active PTIs for FCA US JNAP.pdf,https://www.egle.state.mi.us/aps/downloads/SRN/N2155/Active%20PTIs%20for%20FCA%20US%20JNAP.pdf
N2155,FCA US DAC Source Info Documents.pdf,https://www.egle.state.mi.us/aps/downloads/SRN/N2155/FCA%20US%20DAC%20Source%20Info%20Documents.pdf
N2155,FCA US JNAP Source Info Documents.pdf,https://www.egle.state.mi.us/aps/downloads/SRN/N2155/FCA%20US%20JNAP%20Source%20Info%20Documents.pdf
N2688,Active PTIs for Arbor Hills.pdf,https://www.egle.state.mi.us/aps/downloads/SRN/N2688/Active%20PTIs%20for%20Arbor%20Hills.pdf
N2688,Arbor Hills Source Info Documents.pdf,https://www.egle.state.mi.us/aps/downloads/SRN/N2688/Arbor%20Hills%20Source%20Info%20Documents.pdf
N2688,Weekly Odor Reports,https://www.egle.state.mi.us/aps/downloads/SRN/N2688/Weekly%20Odor%20Reports/
N5109,Active PTIs for Centurion.pdf,https://www.egle.state.mi.us/aps/downloads/SRN/N5109/Active%20PTIs%20for%20Centurion.pdf
N5109,Centurion Source Info Documents.pdf,https://www.egle.state.mi.us/aps/downloads/SRN/N5109/Centurion%20Source%20Info%20Documents.pdf
N5505,Active PTIs for FCA US.pdf,https://www.egle.state.mi.us/aps/downloads/SRN/N5505/Active%20PTIs%20for%20FCA%20US.pdf
N5505,FCA US Source Info Documents.pdf,https://www.egle.state.mi.us/aps/downloads/SRN/N5505/FCA%20US%20Source%20Info%20Documents.pdf
N7228,Active PTIs for FCA US DEP.pdf,https://www.egle.state.mi.us/aps/downloads/SRN/N7228/Active%20PTIs%20for%20FCA%20US%20DEP.pdf
N7228,FCA US DEP Source Info Documents.pdf,https://www.egle.state.mi.us/aps/downloads/SRN/N7228/FCA%20US%20DEP%20Source%20Info%20Documents.pdf
N7885,Active PTIs for RJ Torching.pdf,https://www.egle.state.mi.us/aps/downloads/SRN/N7885/Active%20PTIs%20for%20RJ%20Torching.pdf
N7885,RJ Torching Source Info Documents.pdf,https://www.egle.state.mi.us/aps/downloads/SRN/N7885/RJ%20Torching%20Source%20Info%20Documents.pdf
N5505,A915wfpi_1awzclf_dzw.tmp,https://www.egle.state.mi.us/aps/downloads/SRN/N5505/A915wfpi_1awzclf_dzw.tmp
B7248,B7248_TEST_2022.pdf,https://www.egle.state.mi.us/aps/downloads/SRN/B7248/B7248_TEST_2022.pdf
N0924,N0924_FCE_ 20221018.pdf,https://www.egle.state.mi.us/aps/downloads/SRN/N0924/N0924_FCE_%2020221018.pdf
N7834,N7834_FCE_ 20221013.pdf,https://www.egle.state.mi.us/aps/downloads/SRN/N7834/N7834_FCE_%2020221013.pdf
B6179,B6179_FCE 20220902.pdf,https://www.egle.state.mi.us/aps/downloads/SRN/B6179/B6179_FCE%2020220902.pdf
E8117,Active PTIs for Crimson Holdings.pdf,https://www.egle.state.mi.us/aps/downloads/SRN/E8117/Active%20PTIs%20for%20Crimson%20Holdings.pdf
E8117,Crimson Holdings Source Info Documents.pdf,https://www.egle.state.mi.us/aps/downloads/SRN/E8117/Crimson%20Holdings%20Source%20Info%20Documents.pdf
B1678,A976xoxk_66cggy_fb8.tmp,https://www.egle.state.mi.us/aps/downloads/SRN/B1678/A976xoxk_66cggy_fb8.tmp
N5987,N8154,https://www.egle.state.mi.us/aps/downloads/SRN/N5987/N8154/
B2767,84527BB.tmp,https://www.egle.state.mi.us/aps/downloads/SRN/B2767/84527BB.tmp
B2767,msoCC19.tmp,https://www.egle.state.mi.us/aps/downloads/SRN/B2767/msoCC19.tmp
B2875,B2875_TEST@_20221201.pdf,https://www.egle.state.mi.us/aps/downloads/SRN/B2875/B2875_TEST@_20221201.pdf
N7575,N7575_FCE_ 20221005.pdf,https://www.egle.state.mi.us/aps/downloads/SRN/N7575/N7575_FCE_%2020221005.pdf
P0994,P0994_TEST_2023110.pdf,https://www.egle.state.mi.us/aps/downloads/SRN/P0994/P0994_TEST_2023110.pdf
N2688,mso81F5.tmp,https://www.egle.state.mi.us/aps/downloads/SRN/N2688/mso81F5.tmp
N2688,mso96CC.tmp,https://www.egle.state.mi.us/aps/downloads/SRN/N2688/mso96CC.tmp
N5600,N5600_RVN_ 20230407.pdf,https://www.egle.state.mi.us/aps/downloads/SRN/N5600/N5600_RVN_%2020230407.pdf
B7219,B7219_FCE_ 20230316.pdf.pdf,https://www.egle.state.mi.us/aps/downloads/SRN/B7219/B7219_FCE_%2020230316.pdf.pdf
B7219,B7219_SAR_ 20230316.pdf.pdf,https://www.egle.state.mi.us/aps/downloads/SRN/B7219/B7219_SAR_%2020230316.pdf.pdf
N3267,N3267 VN 20230501.pdf,https://www.egle.state.mi.us/aps/downloads/SRN/N3267/N3267%20VN%2020230501.pdf
N2155,A91i05mk1_1oxa442_85s.tmp,https://www.egle.state.mi.us/aps/downloads/SRN/N2155/A91i05mk1_1oxa442_85s.tmp
N2155,A91tv66rl_1oxa443_85s.tmp,https://www.egle.state.mi.us/aps/downloads/SRN/N2155/A91tv66rl_1oxa443_85s.tmp
A8640,Active PTIs for Cleveland-Cliffs AK Steel.pdf,https://www.egle.state.mi.us/aps/downloads/SRN/A8640/Active%20PTIs%20for%20Cleveland-Cliffs%20AK%20Steel.pdf
A8640,Cleveland-Cliffs AK Steel Source Info Documents.pdf,https://www.egle.state.mi.us/aps/downloads/SRN/A8640/Cleveland-Cliffs%20AK%20Steel%20Source%20Info%20Documents.pdf
N5957,N5957_SAR_2020717.pdf,https://www.egle.state.mi.us/aps/downloads/SRN/N5957/N5957_SAR_2020717.pdf
N6626,N6626 FCE Report 8-8-23.pdf,https://www.egle.state.mi.us/aps/downloads/SRN/N6626/N6626%20FCE%20Report%208-8-23.pdf
N5984,N5984 SEM 20230822.pdf,https://www.egle.state.mi.us/aps/downloads/SRN/N5984/N5984%20SEM%2020230822.pdf
E8117,A91hsbovl_kc6az0_eow.tmp,https://www.egle.state.mi.us/aps/downloads/SRN/E8117/A91hsbovl_kc6az0_eow.tmp
E8117,A9cf11bk_kc6az1_eow.tmp,https://www.egle.state.mi.us/aps/downloads/SRN/E8117/A9cf11bk_kc6az1_eow.tmp
P0073,P0073 VenTower SAR 20230906.pdf,https://www.egle.state.mi.us/aps/downloads/SRN/P0073/P0073%20VenTower%20SAR%2020230906.pdf
B4321,B4321_Fermi_ROP_Renewal_Application_Final.pdf,https://www.egle.state.mi.us/aps/downloads/SRN/B4321/B4321_Fermi_ROP_Renewal_Application_Final.pdf
B4885,B4885_TEST-20230926.pdf,https://www.egle.state.mi.us/aps/downloads/SRN/B4885/B4885_TEST-20230926.pdf
P1193,A9onkn61_not66k_exg.tmp,https://www.egle.state.mi.us/aps/downloads/SRN/P1193/A9onkn61_not66k_exg.tmp
B6527,B6527_TEST_2023.pdf,https://www.egle.state.mi.us/aps/downloads/SRN/B6527/B6527_TEST_2023.pdf
N1395,N1395_FCE _20231018.pdf,https://www.egle.state.mi.us/aps/downloads/SRN/N1395/N1395_FCE%20_20231018.pdf
N6207,Active PTIs for Smiths Creek.pdf,https://www.egle.state.mi.us/aps/downloads/SRN/N6207/Active%20PTIs%20for%20Smiths%20Creek.pdf
N6207,Smiths Creek Source Info Documents.pdf,https://www.egle.state.mi.us/aps/downloads/SRN/N6207/Smiths%20Creek%20Source%20Info%20Documents.pdf
